,pathway,pval,padj,log2err,ES,NES,size
1,REACTOME_MUSCLE_CONTRACTION,2.38634425487038e-17,1.25283073380695e-14,1.07686819261983,-0.876125474246497,-2.51663531557701,88
2,KEGG_TIGHT_JUNCTION,4.56250799085122e-06,0.00119765834759845,0.610526878385931,-0.734181380164322,-2.06695827123856,77
3,REACTOME_CARDIAC_CONDUCTION,1.52498954302595e-05,0.00266873170029541,0.593325476396405,-0.814182329662723,-2.09342802277053,42
4,KEGG_CARDIAC_MUSCLE_CONTRACTION,2.87392403362045e-05,0.00366252850151119,0.575610261071129,-0.784396157719567,-2.02926161196241,47
5,KEGG_DILATED_CARDIOMYOPATHY,3.48812238239161e-05,0.00366252850151119,0.557332238758646,-0.761376495255407,-1.99830119520787,52
6,KEGG_HYPERTROPHIC_CARDIOMYOPATHY_HCM,5.78941712273587e-05,0.00506573998239389,0.557332238758646,-0.776332142637623,-1.99751836485372,46
7,REACTOME_CELL_CELL_COMMUNICATION,0.000310819639704652,0.0233114729778489,0.49849310876659,-0.672906055735188,-1.88442622393294,72
8,WP_MYOMETRIAL_RELAXATION_AND_CONTRACTION_PATHWAYS,0.000557434562759723,0.0365816431811068,0.477270815362862,-0.652194803168735,-1.85651074397905,86
9,KEGG_REGULATION_OF_ACTIN_CYTOSKELETON,0.000872152247823712,0.0508755477897165,0.477270815362862,-0.593056433345348,-1.7627030818336,123
10,REACTOME_CELL_JUNCTION_ORGANIZATION,0.00127026860557512,0.066689101792694,0.45505986738723,-0.700446448897846,-1.83838480007468,52
11,KEGG_LEUKOCYTE_TRANSENDOTHELIAL_MIGRATION,0.00142908538748504,0.068206348039059,0.45505986738723,-0.6544420651395,-1.78412511491414,66
12,REACTOME_STIMULI_SENSING_CHANNELS,0.00156710962786044,0.0685610462188941,0.45505986738723,-0.751984419288419,-1.87407313483899,36
13,KEGG_FOCAL_ADHESION,0.00265443652898148,0.106177461159259,0.431707695803346,-0.547716326360065,-1.63057351790947,134
14,REACTOME_ION_CHANNEL_TRANSPORT,0.00283139896424691,0.106177461159259,0.431707695803346,-0.609927694900842,-1.71714392096215,77
15,REACTOME_CELL_CYCLE_CHECKPOINTS,0.0046334281530515,0.158366230892926,0.407017918923954,0.493298874019555,1.63530146318432,114
16,WP_GLUCOCORTICOID_RECEPTOR_PATHWAY,0.00482639941768916,0.158366230892926,0.407017918923954,-0.680427921588785,-1.75199981323012,44
17,KEGG_VIRAL_MYOCARDITIS,0.00640234525729577,0.190474151570917,0.407017918923954,-0.672293844367282,-1.73105578474346,44
18,WP_REGULATION_OF_ACTIN_CYTOSKELETON,0.00653054233957431,0.190474151570917,0.407017918923954,-0.572723405888794,-1.63983786052838,90
19,REACTOME_DNA_REPAIR,0.00829545652674145,0.229216561923119,0.380730400722792,0.472975189585036,1.61112180234452,124
20,PID_MYC_ACTIV_PATHWAY,0.00878285484022804,0.230549939555986,0.380730400722792,0.588145541479719,1.71597105672828,48
21,KEGG_ADHERENS_JUNCTION,0.0118508285728628,0.275648913472627,0.380730400722792,-0.629969606023309,-1.65341197752462,52
22,REACTOME_DNA_REPLICATION_PRE_INITIATION,0.0127372754963315,0.275648913472627,0.380730400722792,0.519866063369818,1.58516855959371,60
23,REACTOME_PROCESSING_OF_CAPPED_INTRON_CONTAINING_PRE_MRNA,0.0135029678577174,0.275648913472627,0.380730400722792,0.425812876355802,1.48778505524468,145
24,REACTOME_REGULATION_OF_CHOLESTEROL_BIOSYNTHESIS_BY_SREBP_SREBF,0.0128308969284523,0.275648913472627,0.380730400722792,0.607550403894054,1.71201804105429,41
25,REACTOME_RESPONSE_TO_ELEVATED_PLATELET_CYTOSOLIC_CA2,0.0125486211049144,0.275648913472627,0.380730400722792,-0.576131997170943,-1.61457444992549,74
26,WP_IL18_SIGNALING_PATHWAY,0.0136511842862634,0.275648913472627,0.380730400722792,-0.49594580527985,-1.4991056181223,145
27,REACTOME_CHROMATIN_MODIFYING_ENZYMES,0.01455397790755,0.282994014869029,0.380730400722792,0.434494890986618,1.51007009900562,139
28,KEGG_ARRHYTHMOGENIC_RIGHT_VENTRICULAR_CARDIOMYOPATHY_ARVC,0.0195539726520125,0.311085928554744,0.352487857583619,-0.638841530507419,-1.64259123951738,42
29,REACTOME_DNA_DOUBLE_STRAND_BREAK_REPAIR,0.0193549427687424,0.311085928554744,0.352487857583619,0.535109703089142,1.58825123666303,51
30,REACTOME_METABOLISM_OF_STEROIDS,0.0181293865891439,0.311085928554744,0.352487857583619,0.496962975447748,1.56390949548612,74
31,REACTOME_MITOTIC_METAPHASE_AND_ANAPHASE,0.0178954092821866,0.311085928554744,0.352487857583619,0.440138159643591,1.47579895132495,119
32,WP_ARRHYTHMOGENIC_RIGHT_VENTRICULAR_CARDIOMYOPATHY,0.0195539726520125,0.311085928554744,0.352487857583619,-0.638841530507419,-1.64259123951738,42
33,WP_FOCAL_ADHESION,0.017271207578591,0.311085928554744,0.352487857583619,-0.497087127374164,-1.47993277927874,133
34,WP_PHYSICOCHEMICAL_FEATURES_AND_TOXICITYASSOCIATED_PATHWAYS,0.0201996176510229,0.311905860787853,0.352487857583619,-0.625994332527962,-1.6268379957983,48
35,KEGG_CALCIUM_SIGNALING_PATHWAY,0.0220381075235069,0.325603354927808,0.352487857583619,-0.579497643156896,-1.5715436321216,63
36,REACTOME_HOMOLOGY_DIRECTED_REPAIR,0.0223270871950497,0.325603354927808,0.352487857583619,0.590519751904542,1.6651958641877,37
37,REACTOME_G2_M_CHECKPOINTS,0.023284578241934,0.330389285865279,0.352487857583619,0.494710744755785,1.56574814739047,69
38,REACTOME_MITOTIC_G1_PHASE_AND_G1_S_TRANSITION,0.0251325606420874,0.340224798890328,0.352487857583619,0.490796503315433,1.57253024707776,81
39,WP_RETINOBLASTOMA_GENE_IN_CANCER,0.0252738422032815,0.340224798890328,0.352487857583619,0.56224269967542,1.62711428536089,45
40,PID_CDC42_PATHWAY,0.0264549065919638,0.347220649019525,0.352487857583619,-0.61186558023181,-1.59012010575642,48
41,REACTOME_MITOTIC_SPINDLE_CHECKPOINT,0.0284725654039654,0.364587727733703,0.352487857583619,0.567850365907229,1.59246657635381,38
42,PID_AP1_PATHWAY,0.0311890180026018,0.378091106237291,0.352487857583619,-0.60804894286905,-1.56563480207263,44
43,REACTOME_TELOMERE_MAINTENANCE,0.0308014722493978,0.378091106237291,0.352487857583619,0.563957390129263,1.59029314530557,37
44,REACTOME_TRANSCRIPTIONAL_REGULATION_BY_SMALL_RNAS,0.0316876355703635,0.378091106237291,0.321775918075361,0.559276002118088,1.58587171931051,42
45,REACTOME_DNA_REPLICATION,0.0333979755339665,0.389643047896276,0.321775918075361,0.507366280346227,1.592971279499,73
46,REACTOME_MRNA_SPLICING,0.0347461123078075,0.396558890469543,0.321775918075361,0.413363986592833,1.39091199910104,121
47,REACTOME_HATS_ACETYLATE_HISTONES,0.0368570786014253,0.411701409909538,0.321775918075361,0.534164421854045,1.58504220286235,53
48,REACTOME_CHROMOSOME_MAINTENANCE,0.0387882027639152,0.424245967730322,0.321775918075361,0.543058149175596,1.5590993128032,44
49,REACTOME_ACTIVATION_OF_ANTERIOR_HOX_GENES_IN_HINDBRAIN_DEVELOPMENT_DURING_EARLY_EMBRYOGENESIS,0.0439789773293379,0.436707338758758,0.321775918075361,0.527035755764841,1.52522639706305,45
50,REACTOME_EPIGENETIC_REGULATION_OF_GENE_EXPRESSION,0.0449184691294723,0.436707338758758,0.321775918075361,0.491499450375759,1.5211649477761,64
51,REACTOME_MITOTIC_PROPHASE,0.0427995283539354,0.436707338758758,0.321775918075361,0.48344689348784,1.46679841992444,59
52,REACTOME_POSITIVE_EPIGENETIC_REGULATION_OF_RRNA_EXPRESSION,0.0427082380878915,0.436707338758758,0.321775918075361,0.534828104267646,1.55757964765888,47
53,REACTOME_S_PHASE,0.0448264717957648,0.436707338758758,0.321775918075361,0.458082490811529,1.4675431019665,83
54,WP_BURN_WOUND_HEALING,0.0411446631286926,0.436707338758758,0.321775918075361,-0.580745028710432,-1.52421764030657,52
55,REACTOME_PLATELET_ACTIVATION_SIGNALING_AND_AGGREGATION,0.0489296636085627,0.467055879899917,0.252961123069611,-0.48699502197533,-1.4464465736544,129
56,REACTOME_HDACS_DEACETYLATE_HISTONES,0.0549450549450549,0.51510989010989,0.287857117255149,0.557697346654241,1.5642516749867,36
57,WP_STEROL_REGULATORY_ELEMENTBINDING_PROTEINS_SREBP_SIGNALING,0.0563063063063063,0.518610715979137,0.287857117255149,0.519994815972174,1.51528717491433,46
58,PID_FAK_PATHWAY,0.0602836879432624,0.523754314063848,0.245041785430996,-0.577501491535041,-1.48697969793334,44
59,REACTOME_NEGATIVE_EPIGENETIC_REGULATION_OF_RRNA_EXPRESSION,0.0588235294117647,0.523754314063848,0.276500599254472,0.546657765515776,1.54151024978773,37
60,REACTOME_PROTEIN_UBIQUITINATION,0.0593824228028504,0.523754314063848,0.287857117255149,0.495288482156181,1.47109149094745,52
61,WP_CALCIUM_REGULATION_IN_CARDIAC_CELLS,0.0608552631578947,0.523754314063848,0.234392647294686,-0.532105919062994,-1.48166489199586,71
62,NABA_CORE_MATRISOME,0.0632530120481928,0.524375243088879,0.219250346703755,-0.470127753870468,-1.40084825605029,121
63,REACTOME_ANTIVIRAL_MECHANISM_BY_IFN_STIMULATED_GENES,0.0639238391575015,0.524375243088879,0.287805130535564,0.502480909113828,1.49245422898366,52
64,REACTOME_RESOLUTION_OF_SISTER_CHROMATID_COHESION,0.063231850117096,0.524375243088879,0.276500599254472,0.50447921565254,1.48131094575205,49
65,KEGG_NEUROACTIVE_LIGAND_RECEPTOR_INTERACTION,0.0675381263616558,0.540600176522507,0.257206466468838,0.531491466929611,1.49874308137505,37
66,REACTOME_GENE_SILENCING_BY_RNA,0.0679611650485437,0.540600176522507,0.271288554688953,0.484417353920021,1.43742622748458,53
67,REACTOME_MITOTIC_PROMETAPHASE,0.0712780159290581,0.558521766608291,0.287805130535564,0.445930056001538,1.42889572614689,80
68,REACTOME_HIV_LIFE_CYCLE,0.0723514211886305,0.55859553123575,0.271288554688953,0.442038378664058,1.40350694363761,77
69,REACTOME_FATTY_ACID_METABOLISM,0.0746666666666667,0.568115942028986,0.271288554688953,0.435062217602776,1.39944537579446,85
70,KEGG_VASCULAR_SMOOTH_MUSCLE_CONTRACTION,0.076271186440678,0.568797399783315,0.211400189384923,-0.524880860572714,-1.41726535014783,60
71,REACTOME_E3_UBIQUITIN_LIGASES_UBIQUITINATE_TARGET_PROTEINS,0.0769230769230769,0.568797399783315,0.241339976815091,0.528130678978136,1.48132191081696,36
72,REACTOME_SYNTHESIS_OF_DNA,0.0796019900497512,0.580431177446103,0.252961123069611,0.473381866131986,1.41803474599702,57
73,KEGG_PYRIMIDINE_METABOLISM,0.0884353741496599,0.595238095238095,0.227987202850442,0.512288179175693,1.43771371197311,40
74,REACTOME_DEUBIQUITINATION,0.0876132930513595,0.595238095238095,0.266350657088526,0.368331293238686,1.28278875317703,143
75,REACTOME_FOXO_MEDIATED_TRANSCRIPTION,0.0878136200716846,0.595238095238095,0.20207170902116,-0.580373240540192,-1.4724186979419,38
76,REACTOME_METABOLISM_OF_NUCLEOTIDES,0.0844748858447489,0.595238095238095,0.234392647294686,0.517144390785789,1.45726267513056,41
77,REACTOME_PARASITE_INFECTION,0.0855614973262032,0.595238095238095,0.204294756516886,-0.578457530258624,-1.47424354302996,39
78,REACTOME_SUMOYLATION,0.0844686648501362,0.595238095238095,0.257206466468838,0.417400142349565,1.36196866656304,94
79,REACTOME_HIV_INFECTION,0.092485549132948,0.61461915563035,0.252961123069611,0.379453924168914,1.3123320261391,134
80,PID_E2F_PATHWAY,0.0945054945054945,0.620192307692308,0.216542836735348,0.497515271254661,1.39545059889635,36
81,REACTOME_ABC_FAMILY_PROTEINS_MEDIATED_TRANSPORT,0.0995145631067961,0.630393194399218,0.222056046145248,0.445442408260317,1.35823695839453,60
82,REACTOME_RNA_POLYMERASE_I_TRANSCRIPTION,0.0986238532110092,0.630393194399218,0.216542836735348,0.489041826251931,1.39955005963238,43
83,WP_HIPPOMERLIN_SIGNALING_DYSREGULATION,0.0996621621621622,0.630393194399218,0.183023938384487,-0.496750915418072,-1.35733481150344,67
84,REACTOME_RNA_POLYMERASE_II_TRANSCRIPTION_TERMINATION,0.102040816326531,0.637755102040816,0.211400189384923,0.494599141759702,1.39024897267931,39
85,REACTOME_APC_C_MEDIATED_DEGRADATION_OF_CELL_CYCLE_PROTEINS,0.104895104895105,0.640348024068954,0.211400189384923,0.457154259399295,1.35687283120663,51
86,REACTOME_SWITCHING_OF_ORIGINS_TO_A_POST_REPLICATIVE_STATE,0.104895104895105,0.640348024068954,0.211400189384923,0.455258125753736,1.35124494483108,51
87,NABA_ECM_GLYCOPROTEINS,0.109324758842444,0.641174760104682,0.169570644405628,-0.474360688701803,-1.34630492114648,84
88,PID_RB_1PATHWAY,0.10865561694291,0.641174760104682,0.183023938384487,-0.572080801545276,-1.42829637140418,37
89,REACTOME_DISEASES_OF_PROGRAMMED_CELL_DEATH,0.115044247787611,0.641174760104682,0.195789002148949,0.487607486384756,1.35533339763221,35
90,REACTOME_HCMV_EARLY_EVENTS,0.111888111888112,0.641174760104682,0.204294756516886,0.443595117789881,1.31662814249155,51
91,REACTOME_HCMV_LATE_EVENTS,0.112612612612613,0.641174760104682,0.199915231309662,0.487392495314132,1.36683236456739,38
92,REACTOME_INTERFERON_ALPHA_BETA_SIGNALING,0.10958904109589,0.641174760104682,0.204294756516886,0.473765039873266,1.36016142878606,44
93,REACTOME_UCH_PROTEINASES,0.114355231143552,0.641174760104682,0.206587922696891,0.434558579868996,1.31846919879419,59
94,WP_COMPLEMENT_SYSTEM,0.116022099447514,0.641174760104682,0.176694268938498,-0.566076786725267,-1.41330633405611,37
95,WP_TRANSLATION_FACTORS,0.115646258503401,0.641174760104682,0.197822021315103,0.476279013091148,1.33665560846627,40
96,REACTOME_SEPARATION_OF_SISTER_CHROMATIDS,0.120547945205479,0.659246575342466,0.213927855492356,0.40454574725301,1.30882061996187,91
97,REACTOME_TRANSPORT_OF_MATURE_TRANSCRIPT_TO_CYTOPLASM,0.125570776255708,0.679635644682954,0.190023305279108,0.466222478914134,1.3385070228518,44
98,WP_ANGIOPOIETINLIKE_PROTEIN_8_REGULATORY_PATHWAY,0.126943005181347,0.680051813471503,0.20207170902116,0.409341906809678,1.29624116277441,76
99,REACTOME_HOST_INTERACTIONS_OF_HIV_FACTORS,0.13091922005571,0.68966356095069,0.206587922696891,0.401102678465767,1.28951833767858,88
100,REACTOME_NUCLEOTIDE_EXCISION_REPAIR,0.132678132678133,0.68966356095069,0.191892240384838,0.421372468929831,1.26658615011558,58
101,SIG_PIP3_SIGNALING_IN_CARDIAC_MYOCTES,0.131519274376417,0.68966356095069,0.184706471207739,0.458106015786678,1.32574570185896,45
102,WP_THYROID_HORMONES_PRODUCTION_AND_PERIPHERAL_DOWNSTREAM_SIGNALING_EFFECTS,0.137254901960784,0.706459054209919,0.158514105424824,-0.526185125715067,-1.35387446448062,45
103,PID_MYC_REPRESS_PATHWAY,0.145390070921986,0.741065895476141,0.153158808683073,-0.539087126361792,-1.38279589574003,41
104,KEGG_CYTOKINE_CYTOKINE_RECEPTOR_INTERACTION,0.157627118644068,0.780700351774864,0.142901149386948,-0.480914705027519,-1.29854944047373,60
105,REACTOME_ORC1_REMOVAL_FROM_CHROMATIN,0.157534246575342,0.780700351774864,0.16823816568964,0.441878236870727,1.268615628904,44
106,REACTOME_RHO_GTPASES_ACTIVATE_FORMINS,0.154791154791155,0.780700351774864,0.176694268938498,0.413229171856457,1.24210854882471,58
107,REACTOME_TRANSCRIPTION_COUPLED_NUCLEOTIDE_EXCISION_REPAIR_TC_NER,0.160997732426304,0.789942145082332,0.165656695205483,0.449940184494856,1.26273687176785,40
108,REACTOME_MITOTIC_G2_G2_M_PHASES,0.162921348314607,0.791978776529338,0.184706471207739,0.372005237080208,1.22911782822607,104
109,KEGG_TOLL_LIKE_RECEPTOR_SIGNALING_PATHWAY,0.19047619047619,0.805339805825243,0.151148761385484,0.437218532104528,1.22703412705498,40
110,NABA_ECM_AFFILIATED,0.191747572815534,0.805339805825243,0.156312403073186,0.403490762735814,1.19729031218806,53
111,REACTOME_CDT1_ASSOCIATION_WITH_THE_CDC6_ORC_ORIGIN_COMPLEX,0.188208616780045,0.805339805825243,0.152144922367565,0.439066710254412,1.23415507899414,39
112,REACTOME_CLASS_A_1_RHODOPSIN_LIKE_RECEPTORS,0.186915887850467,0.805339805825243,0.155241966228839,0.415244368884663,1.21151529378728,48
113,REACTOME_DEGRADATION_OF_THE_EXTRACELLULAR_MATRIX,0.189144736842105,0.805339805825243,0.126875729929857,-0.446347197247964,-1.24286715879356,71
114,REACTOME_ESTROGEN_DEPENDENT_GENE_EXPRESSION,0.173575129533679,0.805339805825243,0.170932335370056,0.384593037729224,1.23235323683866,80
115,REACTOME_HCMV_INFECTION,0.171084337349398,0.805339805825243,0.165656695205483,0.388751867973841,1.21470563379001,66
116,REACTOME_MITOCHONDRIAL_PROTEIN_IMPORT,0.188053097345133,0.805339805825243,0.150169802128406,0.448056332951593,1.24539866393835,35
117,REACTOME_NEGATIVE_REGULATION_OF_NOTCH4_SIGNALING,0.168981481481481,0.805339805825243,0.163180127180689,0.440739959400873,1.24975331417193,42
118,REACTOME_NUCLEAR_ENVELOPE_NE_REASSEMBLY,0.189814814814815,0.805339805825243,0.153158808683073,0.427898174155042,1.21333940767551,42
119,REACTOME_NUCLEAR_EVENTS_KINASE_AND_TRANSCRIPTION_FACTOR_ACTIVATION,0.190730837789661,0.805339805825243,0.132147260608774,-0.501622720401441,-1.28917810629052,40
120,REACTOME_REGULATION_OF_INSULIN_LIKE_GROWTH_FACTOR_IGF_TRANSPORT_AND_UPTAKE_BY_INSULIN_LIKE_GROWTH_FACTOR_BINDING_PROTEINS_IGFBPS,0.181818181818182,0.805339805825243,0.166933848713193,0.384764791191246,1.20863407210739,72
121,REACTOME_REGULATION_OF_MRNA_STABILITY_BY_PROTEINS_THAT_BIND_AU_RICH_ELEMENTS,0.188264058679707,0.805339805825243,0.158514105424824,0.39110819238878,1.19976187993127,62
122,REACTOME_RUNX1_REGULATES_TRANSCRIPTION_OF_GENES_INVOLVED_IN_DIFFERENTIATION_OF_HSCS,0.180929095354523,0.805339805825243,0.161978948883402,0.396470132970802,1.21196407071338,61
123,WP_EXERCISEINDUCED_CIRCADIAN_REGULATION,0.179159049360146,0.805339805825243,0.13880510939114,-0.524219687858354,-1.30644466636512,36
124,WP_METAPATHWAY_BIOTRANSFORMATION_PHASE_I_AND_II,0.182448036951501,0.805339805825243,0.156312403073186,0.42178640179941,1.22836834837173,47
125,WP_PROTEASOME_DEGRADATION,0.168918918918919,0.805339805825243,0.160801401070022,0.43423187035379,1.26537027654016,46
126,REACTOME_TP53_REGULATES_METABOLIC_GENES,0.195180722891566,0.813253012048193,0.154190966581424,0.38116312348048,1.19099361733714,66
127,KEGG_CELL_ADHESION_MOLECULES_CAMS,0.211148648648649,0.821133633633634,0.120985142145252,-0.447440607381971,-1.22259807406425,67
128,KEGG_PURINE_METABOLISM,0.210268948655257,0.821133633633634,0.149207542435322,0.382398232201904,1.17304324193981,62
129,PID_A6B1_A6B4_INTEGRIN_PATHWAY,0.203636363636364,0.821133633633634,0.128788713061714,-0.50852156259628,-1.26453303216838,35
130,REACTOME_APC_C_CDH1_MEDIATED_DEGRADATION_OF_CDC20_AND_OTHER_APC_C_CDH1_TARGETED_PROTEINS_IN_LATE_MITOSIS_EARLY_G1,0.199546485260771,0.821133633633634,0.147331213699377,0.418444679691459,1.21096693003269,45
131,REACTOME_FCGAMMA_RECEPTOR_FCGR_DEPENDENT_PHAGOCYTOSIS,0.210169491525424,0.821133633633634,0.121543282035469,-0.47210546196015,-1.24699386979226,53
132,REACTOME_OXIDATIVE_STRESS_INDUCED_SENESCENCE,0.207407407407407,0.821133633633634,0.151148761385484,0.402142500157469,1.1933287303495,55
133,REACTOME_PHASE_II_CONJUGATION_OF_COMPOUNDS,0.206349206349206,0.821133633633634,0.144630528034484,0.430254744111629,1.20749056955816,40
134,WP_MRNA_PROCESSING,0.209809264305177,0.821133633633634,0.158514105424824,0.360267816342721,1.17554698153156,94
135,WP_TOLLLIKE_RECEPTOR_SIGNALING_PATHWAY,0.208616780045351,0.821133633633634,0.143758989039275,0.429030159174508,1.20405382706215,40
136,WP_FERROPTOSIS,0.221461187214612,0.8549053182917,0.139599673451922,0.418923263606244,1.18048507665267,41
137,REACTOME_AUF1_HNRNP_D0_BINDS_AND_DESTABILIZES_MRNA,0.227064220183486,0.86128631498471,0.138022242496643,0.411332305262219,1.17715933782298,43
138,REACTOME_CYCLIN_A_CDK2_ASSOCIATED_EVENTS_AT_S_PHASE_ENTRY,0.233830845771144,0.86128631498471,0.142056643575821,0.38762436059352,1.16114462982669,57
139,REACTOME_INFLUENZA_INFECTION,0.234782608695652,0.86128631498471,0.154190966581424,0.33615814039317,1.13979413446135,123
140,REACTOME_METABOLISM_OF_POLYAMINES,0.236238532110092,0.86128631498471,0.135002033828631,0.404776139271363,1.15839676576695,43
141,REACTOME_REGULATION_OF_INSULIN_SECRETION,0.23217550274223,0.86128631498471,0.119887845115423,-0.496896146070695,-1.23834975070003,36
142,REACTOME_SCF_SKP2_MEDIATED_DEGRADATION_OF_P27_P21,0.224770642201835,0.86128631498471,0.13880510939114,0.412825622985231,1.18143294551071,43
143,REACTOME_UB_SPECIFIC_PROCESSING_PROTEASES,0.23121387283237,0.86128631498471,0.155241966228839,0.344727081999011,1.14068651434525,107
144,WP_COMPLEMENT_SYSTEM_IN_NEURONAL_DEVELOPMENT_AND_PLASTICITY,0.231182795698925,0.86128631498471,0.118815039412263,-0.478968782517223,-1.23239640190496,46
145,REACTOME_BIOLOGICAL_OXIDATIONS,0.248704663212435,0.865718074255406,0.140406238523342,0.356862808583744,1.14349713625118,80
146,REACTOME_FCERI_MEDIATED_NF_KB_ACTIVATION,0.239904988123515,0.865718074255406,0.136490437780413,0.388056234710348,1.15259337832025,52
147,REACTOME_G_ALPHA_Q_SIGNALLING_EVENTS,0.241610738255034,0.865718074255406,0.11146266692298,-0.452980909507686,-1.20539131132415,54
148,REACTOME_MAPK6_MAPK4_SIGNALING,0.248780487804878,0.865718074255406,0.135740943810425,0.36066073813378,1.12949361085398,67
149,REACTOME_NEUROTRANSMITTER_RECEPTORS_AND_POSTSYNAPTIC_SIGNAL_TRANSMISSION,0.250645994832041,0.865718074255406,0.139599673451922,0.359240170991909,1.13274417412615,75
150,REACTOME_PHASE_I_FUNCTIONALIZATION_OF_COMPOUNDS,0.24910394265233,0.865718074255406,0.11378726182188,-0.47727274169674,-1.21085063852734,38
151,REACTOME_TRANSMISSION_ACROSS_CHEMICAL_SYNAPSES,0.245283018867925,0.865718074255406,0.144630528034484,0.344681208075269,1.13696944551826,98
152,WP_VITAMIN_D_RECEPTOR_PATHWAY,0.244107744107744,0.865718074255406,0.11101149245045,-0.429069907824631,-1.17302467838495,65
153,REACTOME_DECTIN_1_MEDIATED_NONCANONICAL_NF_KB_SIGNALING,0.257990867579909,0.883838383838384,0.128142916898415,0.397171579175536,1.14026451328938,44
154,REACTOME_SENESCENCE_ASSOCIATED_SECRETORY_PHENOTYPE_SASP,0.259259259259259,0.883838383838384,0.128788713061714,0.398632507699436,1.1303542758212,42
155,REACTOME_DEGRADATION_OF_DVL,0.261574074074074,0.885976702508961,0.128142916898415,0.397084552051404,1.12596492409564,42
156,WP_ECTODERM_DIFFERENTIATION,0.267639902676399,0.900711210930189,0.130105630751129,0.374493513353391,1.13622923439578,59
157,REACTOME_GPCR_LIGAND_BINDING,0.274151436031332,0.910857420451785,0.133554954557592,0.355389521773286,1.11581183683197,73
158,REACTOME_MRNA_SPLICING_MINOR_PATHWAY,0.276923076923077,0.910857420451785,0.120433371642259,0.404004897843282,1.13316898842265,36
159,REACTOME_PEPTIDE_HORMONE_METABOLISM,0.279120879120879,0.910857420451785,0.119887845115423,0.403616593460159,1.13207985686169,36
160,WP_EGFEGFR_SIGNALING_PATHWAY,0.279329608938547,0.910857420451785,0.137250779610133,0.331445225007421,1.09554341622042,103
161,WP_LNCRNA_IN_CANONICAL_WNT_SIGNALING_AND_COLORECTAL_CANCER,0.279279279279279,0.910857420451785,0.121543282035469,0.380989187847526,1.11021881833006,46
162,PID_INTEGRIN1_PATHWAY,0.285714285714286,0.913142116350672,0.103197466945307,-0.450488027409685,-1.17073110978935,48
163,REACTOME_ORGANELLE_BIOGENESIS_AND_MAINTENANCE,0.28695652173913,0.913142116350672,0.138022242496643,0.323516452576189,1.09693061312394,123
164,REACTOME_RHOB_GTPASE_CYCLE,0.28698752228164,0.913142116350672,0.104343952581949,-0.45301641684335,-1.16561135764001,45
165,WP_INTEGRINMEDIATED_CELL_ADHESION,0.284511784511784,0.913142116350672,0.101350743797099,-0.419897213306721,-1.14794765284534,65
166,REACTOME_METABOLISM_OF_VITAMINS_AND_COFACTORS,0.29023746701847,0.917919699907811,0.130105630751129,0.344425507068038,1.10342413687009,83
167,KEGG_ECM_RECEPTOR_INTERACTION,0.298429319371728,0.919560665323377,0.100633389423036,-0.44324149431813,-1.15690373242018,51
168,KEGG_MTOR_SIGNALING_PATHWAY,0.305309734513274,0.919560665323377,0.114266502484433,0.398750381640981,1.10834990160542,35
169,KEGG_SPLICEOSOME,0.30327868852459,0.919560665323377,0.129442887745046,0.336980588391295,1.08583115709478,87
170,KEGG_VALINE_LEUCINE_AND_ISOLEUCINE_DEGRADATION,0.308957952468007,0.919560665323377,0.101350743797099,-0.458235039531859,-1.14199969441011,36
171,NABA_ECM_REGULATORS,0.302931596091205,0.919560665323377,0.0956031492204301,-0.399933397862403,-1.12078872381901,74
172,REACTOME_CELLULAR_RESPONSE_TO_HYPOXIA,0.31002331002331,0.919560665323377,0.116739204791222,0.370428731744128,1.09946406856711,51
173,REACTOME_ECM_PROTEOGLYCANS,0.303030303030303,0.919560665323377,0.100990587455923,-0.445708856588661,-1.14680900321574,45
174,REACTOME_RECRUITMENT_OF_MITOTIC_CENTROSOME_PROTEINS_AND_COMPLEXES,0.30989010989011,0.919560665323377,0.112843355675562,0.396927165688937,1.1133170840807,36
175,REACTOME_RRNA_PROCESSING,0.301775147928994,0.919560665323377,0.135740943810425,0.32036680553876,1.07798949204652,121
176,WP_HAIR_FOLLICLE_DEVELOPMENT_CYTODIFFERENTIATION_PART_3_OF_3,0.303886925795053,0.919560665323377,0.10027910675413,-0.447040057793636,-1.15310021112836,43
177,WP_MALE_INFERTILITY,0.309565217391304,0.919560665323377,0.0982123351217438,-0.440921701692118,-1.14749447017218,49
178,WP_NCRNAS_INVOLVED_IN_WNT_SIGNALING_IN_HEPATOCELLULAR_CARCINOMA,0.3125,0.921699438202247,0.115734447701689,0.38389348669151,1.08856060597255,42
179,KEGG_PROGESTERONE_MEDIATED_OOCYTE_MATURATION,0.315192743764172,0.924447991487098,0.11378726182188,0.372274970309194,1.07735311213836,45
180,PID_P53_DOWNSTREAM_PATHWAY,0.317589576547231,0.926302931596091,0.0928481214159878,-0.396960974077077,-1.11245868917122,74
181,REACTOME_HEDGEHOG_LIGAND_BIOGENESIS,0.322072072072072,0.929054054054054,0.111918316325105,0.370685590518799,1.08019369421702,46
182,REACTOME_REGULATION_OF_RUNX2_EXPRESSION_AND_ACTIVITY,0.322072072072072,0.929054054054054,0.111918316325105,0.368434328784776,1.07363342106014,46
183,REACTOME_CILIUM_ASSEMBLY,0.32843137254902,0.942221150755384,0.116234148779716,0.336733310402032,1.06575319520686,69
184,KEGG_UBIQUITIN_MEDIATED_PROTEOLYSIS,0.334210526315789,0.952380952380952,0.119887845115423,0.33079154978456,1.06030936830466,82
185,REACTOME_REGULATION_OF_RAS_BY_GAPS,0.335600907029478,0.952380952380952,0.109684061970549,0.368683957678098,1.06696082433393,45
186,REACTOME_GLOBAL_GENOME_NUCLEOTIDE_EXCISION_REPAIR_GG_NER,0.340136054421769,0.958419823559938,0.108820126769161,0.382161786252825,1.07420330097016,39
187,REACTOME_REGULATION_OF_TP53_ACTIVITY,0.342036553524804,0.958419823559938,0.11776578836269,0.334640689275093,1.05066699860937,73
188,WP_HIPPO_SIGNALING_REGULATION_PATHWAYS,0.343205574912892,0.958419823559938,0.0922597260527354,-0.427463203675202,-1.11089405352312,48
189,NABA_SECRETED_FACTORS,0.346801346801347,0.9625,0.0897104652742981,-0.402907573857692,-1.09264781230212,63
190,REACTOME_DISEASES_OF_GLYCOSYLATION,0.348333333333333,0.9625,0.0888945288620449,-0.397615474116769,-1.09912037962453,70
191,REACTOME_DEGRADATION_OF_AXIN,0.353881278538813,0.962630420895734,0.106729884364606,0.375645117722224,1.05853146414262,41
192,REACTOME_DOWNSTREAM_SIGNALING_EVENTS_OF_B_CELL_RECEPTOR_BCR,0.350617283950617,0.962630420895734,0.112378519110475,0.356287141613597,1.05725627650676,55
193,REACTOME_SLC_TRANSPORTER_DISORDERS,0.352941176470588,0.962630420895734,0.103958471559957,0.380156927724045,1.07199757797553,37
194,WP_THYROID_STIMULATING_HORMONE_TSH_SIGNALING_PATHWAY,0.356164383561644,0.963846914277644,0.106323255932708,0.369636982318742,1.0612137318898,44
195,REACTOME_TCF_DEPENDENT_SIGNALING_IN_RESPONSE_TO_WNT,0.359882005899705,0.968913092806898,0.122679189568808,0.310433362596853,1.04089413957585,119
196,REACTOME_ASSEMBLY_OF_COLLAGEN_FIBRILS_AND_OTHER_MULTIMERIC_STRUCTURES,0.363636363636364,0.972833655271551,0.0902635484340068,-0.418963026545088,-1.07674142178986,40
197,REACTOME_TRANSPORT_OF_INORGANIC_CATIONS_ANIONS_AND_AMINO_ACIDS_OLIGOPEPTIDES,0.365044247787611,0.972833655271551,0.102821842840815,0.377932821134531,1.05048628014872,35
198,KEGG_AXON_GUIDANCE,0.46,0.978176844859368,0.0739901439101341,-0.369329678272784,-1.02093052865084,70
199,KEGG_CELL_CYCLE,0.415647921760391,0.978176844859368,0.100990587455923,0.331712498428208,1.0175598937987,62
200,KEGG_COLORECTAL_CANCER,0.458333333333333,0.978176844859368,0.0919686140000427,0.351286485223953,0.996100852142463,42
201,KEGG_FC_GAMMA_R_MEDIATED_PHAGOCYTOSIS,0.450847457627119,0.978176844859368,0.0758886900606117,-0.380557932544315,-1.005185169884,53
202,KEGG_GNRH_SIGNALING_PATHWAY,0.45679012345679,0.978176844859368,0.0959206777921745,0.333589160996127,0.989901663698772,55
203,KEGG_SMALL_CELL_LUNG_CANCER,0.423550087873462,0.978176844859368,0.0810802057550866,-0.397034813611458,-1.02714361607369,47
204,KEGG_TGF_BETA_SIGNALING_PATHWAY,0.400696864111498,0.978176844859368,0.0835990603684159,-0.40411364851323,-1.05021308318736,48
205,PID_LYSOPHOSPHOLIPID_PATHWAY,0.464539007092199,0.978176844859368,0.0766746872490091,-0.380837398842266,-0.980599164838404,44
206,REACTOME_ACTIVATION_OF_NMDA_RECEPTORS_AND_POSTSYNAPTIC_EVENTS,0.458110516934046,0.978176844859368,0.0776798560117236,-0.388552216871938,-0.999744954449952,45
207,REACTOME_APOPTOSIS,0.455072463768116,0.978176844859368,0.105920292736253,0.299269173729156,0.989192301949172,110
208,REACTOME_CELLULAR_SENESCENCE,0.396067415730337,0.978176844859368,0.112843355675562,0.312350621570227,1.0045935915261,89
209,REACTOME_COLLAGEN_FORMATION,0.435456110154905,0.978176844859368,0.0785029047348687,-0.385874755324163,-1.01276305424448,52
210,REACTOME_COSTIMULATION_BY_THE_CD28_FAMILY,0.448351648351648,0.978176844859368,0.0902635484340068,0.349184264283885,0.979405897413571,36
211,REACTOME_DISORDERS_OF_TRANSMEMBRANE_TRANSPORTERS,0.457446808510638,0.978176844859368,0.10027910675413,0.300936730496295,0.973714573757769,86
212,REACTOME_EPH_EPHRIN_SIGNALING,0.446880269814503,0.978176844859368,0.0760837160951725,-0.371842727947791,-1.00480618775144,61
213,REACTOME_G1_S_DNA_DAMAGE_CHECKPOINTS,0.385135135135135,0.978176844859368,0.100633389423036,0.353778622979729,1.03092606636433,46
214,REACTOME_GLYCEROPHOSPHOLIPID_BIOSYNTHESIS,0.467661691542289,0.978176844859368,0.0949751525905595,0.328252286733404,0.978617926689177,56
215,REACTOME_INTEGRIN_CELL_SURFACE_INTERACTIONS,0.432809773123909,0.978176844859368,0.0795564677235957,-0.388868464898658,-1.01498479774293,51
216,REACTOME_NEGATIVE_REGULATION_OF_THE_PI3K_AKT_NETWORK,0.390374331550802,0.978176844859368,0.0862865626267245,-0.413971774658886,-1.06514948320658,45
217,REACTOME_NEURONAL_SYSTEM,0.433526011560694,0.978176844859368,0.108820126769161,0.291949473041596,1.00184839657321,128
218,REACTOME_NON_INTEGRIN_MEMBRANE_ECM_INTERACTIONS,0.375438596491228,0.978176844859368,0.0875697115548511,-0.417973521570432,-1.07469475933492,42
219,REACTOME_OPIOID_SIGNALLING,0.464539007092199,0.978176844859368,0.0766746872490091,-0.381219212111671,-0.981582276723531,44
220,REACTOME_O_LINKED_GLYCOSYLATION,0.46594982078853,0.978176844859368,0.0770736734944102,-0.384281521863917,-0.974930025270204,38
221,REACTOME_PEPTIDE_LIGAND_BINDING_RECEPTORS,0.438756855575868,0.978176844859368,0.0813027345384498,-0.403802595130921,-1.00634478042673,36
222,REACTOME_PI3K_AKT_SIGNALING_IN_CANCER,0.450354609929078,0.978176844859368,0.0782955249944794,-0.389204210293203,-1.00214244904865,44
223,REACTOME_PROGRAMMED_CELL_DEATH,0.416184971098266,0.978176844859368,0.11146266692298,0.295391297760529,1.00620787416433,124
224,REACTOME_REGULATION_OF_HMOX1_EXPRESSION_AND_ACTIVITY,0.414519906323185,0.978176844859368,0.0985499803531691,0.348479097774692,1.02324513257051,49
225,REACTOME_REGULATION_OF_LIPID_METABOLISM_BY_PPARALPHA,0.460370994940978,0.978176844859368,0.0745500777420554,-0.367976822243172,-0.99762522348176,62
226,REACTOME_REGULATION_OF_RUNX3_EXPRESSION_AND_ACTIVITY,0.400462962962963,0.978176844859368,0.0999276973731092,0.361450256760394,1.02492103713186,42
227,REACTOME_RHOQ_GTPASE_CYCLE,0.417112299465241,0.978176844859368,0.0826646449123753,-0.400839903964315,-1.02157135018009,39
228,REACTOME_RUNX1_REGULATES_GENES_INVOLVED_IN_MEGAKARYOCYTE_DIFFERENTIATION_AND_PLATELET_FUNCTION,0.439909297052154,0.978176844859368,0.0931454575337804,0.357078014908164,1.00369632997387,39
229,REACTOME_SARS_COV_2_INFECTION,0.46189376443418,0.978176844859368,0.0913924325943768,0.333936880664273,0.989706533058608,50
230,REACTOME_SENSORY_PERCEPTION,0.415540540540541,0.978176844859368,0.0799858801499946,-0.383524052606293,-1.0479508572486,67
231,REACTOME_SLC_MEDIATED_TRANSMEMBRANE_TRANSPORT,0.465789473684211,0.978176844859368,0.0985499803531691,0.303366899480893,0.972403212121424,82
232,REACTOME_STABILIZATION_OF_P53,0.405092592592593,0.978176844859368,0.0992333343771191,0.360014904485601,1.02085098125387,42
233,REACTOME_SUMOYLATION_OF_DNA_DAMAGE_RESPONSE_AND_REPAIR_PROTEINS,0.398692810457516,0.978176844859368,0.0965629554309422,0.365795058781254,1.03149880602352,37
234,REACTOME_TCR_SIGNALING,0.369509043927649,0.978176844859368,0.111918316325105,0.324027797425963,1.02171368746357,75
235,REACTOME_THE_CITRIC_ACID_TCA_CYCLE_AND_RESPIRATORY_ELECTRON_TRANSPORT,0.455072463768116,0.978176844859368,0.105920292736253,0.299599116653261,0.990282882033116,110
236,REACTOME_THE_ROLE_OF_GTSE1_IN_G2_M_PROGRESSION_AFTER_G2_CHECKPOINT,0.456876456876457,0.978176844859368,0.0925528864684773,0.335401589458612,0.995500522904264,51
237,REACTOME_TRANSLATION_OF_SARS_COV_2_STRUCTURAL_PROTEINS,0.428571428571429,0.978176844859368,0.0928481214159878,0.357321367234321,1.00222916705278,36
238,WP_ADIPOGENESIS,0.408427876823339,0.978176844859368,0.0787113806986485,-0.378225560972595,-1.05919416177612,72
239,WP_AMINO_ACID_METABOLISM,0.437956204379562,0.978176844859368,0.09754492162472,0.328292809539756,0.996054335630103,59
240,WP_CELL_CYCLE,0.403422982885086,0.978176844859368,0.102821842840815,0.335062388549051,1.02424758537552,61
241,WP_CLEAR_CELL_RENAL_CELL_CARCINOMA_PATHWAYS,0.449382716049383,0.978176844859368,0.096887770327544,0.335515611525291,0.995618266055271,55
242,WP_EBOLA_VIRUS_INFECTION_IN_HOST,0.423756019261637,0.978176844859368,0.0762797180809272,-0.359123452208337,-1.01822341244649,83
243,WP_EPITHELIAL_TO_MESENCHYMAL_TRANSITION_IN_COLORECTAL_CANCER,0.389324960753532,0.978176844859368,0.0795564677235957,-0.362488607343187,-1.04051165905595,91
244,WP_HEPATITIS_C_AND_HEPATOCELLULAR_CARCINOMA,0.443956043956044,0.978176844859368,0.0908241419007155,0.351094404876205,0.984763535636027,36
245,WP_NRP1TRIGGERED_SIGNALING_PATHWAYS_IN_PANCREATIC_CANCER,0.460573476702509,0.978176844859368,0.0776798560117236,-0.389286019793493,-0.987626538152948,38
246,WP_ONCOSTATIN_M_SIGNALING_PATHWAY,0.38382099827883,0.978176844859368,0.0852884689790502,-0.403257602054433,-1.05838590130329,52
247,WP_OSTEOBLAST_DIFFERENTIATION_AND_RELATED_DISEASES,0.407766990291262,0.978176844859368,0.101713902282311,0.347211115518915,1.03029001723887,53
248,WP_RAC1PAK1P38MMP2_PATHWAY,0.447488584474886,0.978176844859368,0.0925528864684773,0.353649678792687,0.996550453140211,41
249,WP_SELENIUM_MICRONUTRIENT_NETWORK,0.403478260869565,0.978176844859368,0.083129129135339,-0.401621391739569,-1.04521579308839,49
250,WP_SMALL_CELL_LUNG_CANCER,0.380869565217391,0.978176844859368,0.0862865626267245,-0.412625617975632,-1.07385418558743,49
251,WP_SPINAL_CORD_INJURY,0.414839797639123,0.978176844859368,0.0799858801499946,-0.384292269571532,-1.04185817730733,62
252,REACTOME_RESPIRATORY_ELECTRON_TRANSPORT,0.469879518072289,0.978915662650602,0.0928481214159878,0.311498314384265,0.973316885577303,66
253,KEGG_OXIDATIVE_PHOSPHORYLATION,0.476964769647696,0.98198629045114,0.0988903007520636,0.296664082196332,0.966778624512359,92
254,REACTOME_GLYCOSAMINOGLYCAN_METABOLISM,0.475,0.98198629045114,0.0723570851036907,-0.366017840525309,-0.986397683440622,57
255,REACTOME_RECRUITMENT_OF_NUMA_TO_MITOTIC_CENTROSOMES,0.476851851851852,0.98198629045114,0.0897104652742981,0.345637752412616,0.980083419637734,42
256,BIOCARTA_MAPK_PATHWAY,0.48018648018648,0.98475743006993,0.0897104652742981,0.330171272760821,0.979976496867266,51
257,REACTOME_SIGNALING_BY_FGFR2,0.485260770975057,0.991291458217528,0.0875697115548511,0.331197781344778,0.958476902620562,45
258,REACTOME_PRE_NOTCH_EXPRESSION_AND_PROCESSING,0.48729792147806,0.991594607658843,0.0883594442500905,0.327363026299579,0.970223250471877,50
259,BIOCARTA_PPARA_PATHWAY,0.634545454545455,1,0.0623861492893626,-0.333879636646621,-0.830253543532073,35
260,KEGG_ACUTE_MYELOID_LEUKEMIA,0.84070796460177,1,0.0583452776743612,0.262623254483793,0.72997662615025,35
261,KEGG_ALZHEIMERS_DISEASE,0.968208092485549,1,0.0643583367917361,0.205033984907428,0.678448296577528,107
262,KEGG_ANTIGEN_PROCESSING_AND_PRESENTATION,0.886574074074074,1,0.0579754757571486,0.241996280796279,0.686199759045109,42
263,KEGG_APOPTOSIS,0.953405017921147,1,0.042845050912155,-0.229144570208713,-0.581344428273658,38
264,KEGG_B_CELL_RECEPTOR_SIGNALING_PATHWAY,0.75,1,0.0646484568421928,0.283274673096902,0.794409013215401,38
265,KEGG_CHEMOKINE_SIGNALING_PATHWAY,0.681089743589744,1,0.0531298054705469,-0.296548446605987,-0.839418071891441,81
266,KEGG_CHRONIC_MYELOID_LEUKEMIA,0.998305084745763,1,0.0381628909049257,-0.171614187094064,-0.453292445266697,53
267,KEGG_ENDOCYTOSIS,0.996969696969697,1,0.0329431471724691,-0.162886429080681,-0.483061696354755,109
268,KEGG_EPITHELIAL_CELL_SIGNALING_IN_HELICOBACTER_PYLORI_INFECTION,0.990825688073395,1,0.0523759084097997,0.187225953187486,0.535807122995016,43
269,KEGG_ERBB_SIGNALING_PATHWAY,0.66270783847981,1,0.0734381410838857,0.289464659425704,0.859759539647192,52
270,KEGG_GAP_JUNCTION,0.634782608695652,1,0.0602484086158019,-0.324635680056863,-0.844861221972583,49
271,KEGG_GLIOMA,1,1,0.0519512476197082,0.171235575577179,0.490045528103293,43
272,KEGG_HUNTINGTONS_DISEASE,1,1,0.0635007968065945,0.124059455885715,0.419287894318444,122
273,KEGG_INSULIN_SIGNALING_PATHWAY,0.998392282958199,1,0.0356933083353341,-0.179370166955368,-0.509078733188792,84
274,KEGG_JAK_STAT_SIGNALING_PATHWAY,0.652021089630931,1,0.059476028695732,-0.323109206561129,-0.835895360900717,47
275,KEGG_LEISHMANIA_INFECTION,0.933691756272401,1,0.0438002031299891,-0.238712235879642,-0.605617790388737,38
276,KEGG_LONG_TERM_POTENTIATION,0.661347517730496,1,0.059221919380382,-0.321319108714579,-0.824205815768589,41
277,KEGG_LYSOSOME,0.88529886914378,1,0.041488040200221,-0.247256448934779,-0.693658502461095,73
278,KEGG_MAPK_SIGNALING_PATHWAY,0.836391437308868,1,0.0415717899246479,-0.257890001282137,-0.767792697352209,133
279,KEGG_MELANOGENESIS,0.902268760907504,1,0.0441523058441465,-0.254300342488611,-0.663748812221188,51
280,KEGG_MELANOMA,0.716363636363636,1,0.0566484183613995,-0.313960158235848,-0.780720071823647,35
281,KEGG_NATURAL_KILLER_CELL_MEDIATED_CYTOTOXICITY,0.747706422018349,1,0.0656813601934011,0.281962236969646,0.806925388344304,43
282,KEGG_NEUROTROPHIN_SIGNALING_PATHWAY,0.805699481865285,1,0.0679922591544058,0.248475749344869,0.791613836218131,79
283,KEGG_OOCYTE_MEIOSIS,0.592039800995025,1,0.0817515582532145,0.306714268607325,0.914406673651798,56
284,KEGG_PANCREATIC_CANCER,0.949771689497717,1,0.0541200569620232,0.220716075450563,0.633667466517152,44
285,KEGG_PARKINSONS_DISEASE,0.934246575342466,1,0.0635007968065945,0.22099025259813,0.714966357636983,91
286,KEGG_PATHOGENIC_ESCHERICHIA_COLI_INFECTION,0.854945054945055,1,0.0572461135202884,0.257139930528212,0.721236293211367,36
287,KEGG_PEROXISOME,0.684807256235828,1,0.0694481442003175,0.300582352593524,0.844894929279319,39
288,KEGG_PHOSPHATIDYLINOSITOL_SIGNALING_SYSTEM,0.926523297491039,1,0.0441523058441465,-0.243142858429388,-0.616858369778126,38
289,KEGG_PROSTATE_CANCER,0.998319327731092,1,0.037770500132479,-0.165914941299851,-0.447106204773232,58
290,KEGG_RENAL_CELL_CARCINOMA,0.997663551401869,1,0.0529129848430583,0.157330193915662,0.459025938425878,48
291,KEGG_RIBOSOME,0.919689119170985,1,0.0615706755421678,0.220562111437421,0.702684344929829,79
292,KEGG_SYSTEMIC_LUPUS_ERYTHEMATOSUS,0.537234042553192,1,0.0692836467392548,-0.359977792119049,-0.926888807100883,44
293,KEGG_T_CELL_RECEPTOR_SIGNALING_PATHWAY,0.495327102803738,1,0.0880945010398517,0.326924598515431,0.95383388841746,48
294,KEGG_VEGF_SIGNALING_PATHWAY,0.907308377896613,1,0.0448645113168564,-0.249298157838629,-0.640700099801932,40
295,KEGG_WNT_SIGNALING_PATHWAY,0.891233766233766,1,0.0414044273760278,-0.248359252915153,-0.698847463144633,80
296,PID_AR_PATHWAY,0.985940246045694,1,0.0404114482034376,-0.198330870900403,-0.513089232812315,47
297,PID_AR_TF_PATHWAY,0.690265486725664,1,0.0678338263479455,0.29685152118129,0.825116086256027,35
298,PID_AVB3_INTEGRIN_PATHWAY,0.54606365159129,1,0.0656813601934011,-0.346176464565299,-0.925989382341147,55
299,PID_BETA_CATENIN_NUC_PATHWAY,0.613913043478261,1,0.0618406035753285,-0.33408175661673,-0.869444544988149,49
300,PID_CMYB_PATHWAY,0.923990498812352,1,0.0572461135202884,0.232519488559773,0.690622644020768,52
301,PID_CXCR4_PATHWAY,0.587542087542088,1,0.0623861492893626,-0.336422105427978,-0.912345414573386,63
302,PID_ERA_GENOMIC_PATHWAY,0.707762557077626,1,0.0681513438679483,0.294469763595346,0.829787198871057,41
303,PID_ERBB1_DOWNSTREAM_PATHWAY,1,1,0.0573667426768556,0.165661733085413,0.521326477445409,74
304,PID_HDAC_CLASSI_PATHWAY,0.543981481481482,1,0.0824344091527096,0.328259274920061,0.930805360368711,42
305,PID_HIF1_TFPATHWAY,0.65807962529274,1,0.0730744399126987,0.291803789479447,0.856828455873481,49
306,PID_MET_PATHWAY,0.854320987654321,1,0.0628003977812234,0.249676581346321,0.740897163814667,55
307,PID_MTOR_4PATHWAY,0.780788177339901,1,0.0670512579829467,0.266444249843613,0.792709280573229,54
308,PID_NFAT_3PATHWAY,0.650549450549451,1,0.0704500850658419,0.303255171208319,0.85058215241086,36
309,PID_NOTCH_PATHWAY,0.997787610619469,1,0.0503964322442957,0.195024830485189,0.542082870966356,35
310,PID_P73PATHWAY,0.852836879432624,1,0.0474483193656297,-0.272879339685222,-0.699954446131101,41
311,PID_P75_NTR_PATHWAY,0.881170018281536,1,0.0473534245254193,-0.268095770060802,-0.668140279702015,36
312,PID_PDGFRB_PATHWAY,0.950819672131147,1,0.0625237414724762,0.214443231793385,0.698575142273075,93
313,PID_RAC1_PATHWAY,0.740740740740741,1,0.0636424081651019,0.280893580087491,0.792086676745367,37
314,PID_REG_GR_PATHWAY,0.573149741824441,1,0.0646484568421928,-0.34594811210848,-0.907971982605504,52
315,PID_SMAD2_3NUCLEAR_PATHWAY,0.945368171021378,1,0.0561766586307176,0.224579112532691,0.667038369342079,52
316,PID_TELOMERASE_PATHWAY,0.960648148148148,1,0.0542315935495841,0.216636985070342,0.614291453018948,42
317,PID_TGFBR_PATHWAY,0.704099821746881,1,0.0565299525056311,-0.309059520036258,-0.794287719767839,40
318,PID_TRKR_PATHWAY,0.997787610619469,1,0.0503964322442957,0.196818195213057,0.547067632639802,35
319,PID_VEGFR1_2_PATHWAY,0.956063268892794,1,0.0418238690062304,-0.230469635660576,-0.598562988281436,50
320,REACTOME_ABC_TRANSPORTER_DISORDERS,0.597189695550351,1,0.0780892306943345,0.302576129625777,0.888459462414517,49
321,REACTOME_ACTIVATION_OF_THE_MRNA_UPON_BINDING_OF_THE_CAP_BINDING_COMPLEX_AND_EIFS_AND_SUBSEQUENT_BINDING_TO_43S,0.778325123152709,1,0.0672065093710464,0.267042208121455,0.794488290915991,54
322,REACTOME_AMYLOID_FIBER_FORMATION,0.505263157894737,1,0.0718276293603809,-0.36268669568878,-0.932541108519836,42
323,REACTOME_ANCHORING_OF_THE_BASAL_BODY_TO_THE_PLASMA_MEMBRANE,0.587301587301587,1,0.077274697304471,0.318333663771785,0.894791380861271,39
324,REACTOME_ANTIGEN_PROCESSING_CROSS_PRESENTATION,0.867647058823529,1,0.0617054053637522,0.239881076822138,0.743779929062536,65
325,REACTOME_ANTI_INFLAMMATORY_RESPONSE_FAVOURING_LEISHMANIA_PARASITE_INFECTION,0.719907407407407,1,0.0679922591544058,0.289944047526948,0.822159476562563,42
326,REACTOME_ASYMMETRIC_LOCALIZATION_OF_PCP_PROTEINS,0.986486486486487,1,0.0517405459873163,0.204567454636186,0.5961183282867,46
327,REACTOME_AUTOPHAGY,0.761904761904762,1,0.0718276293603809,0.256964532394638,0.823323917116536,81
328,REACTOME_BETA_CATENIN_INDEPENDENT_WNT_SIGNALING,0.986068111455108,1,0.0344919215094074,-0.201424955900002,-0.579101926448444,89
329,REACTOME_CARGO_RECOGNITION_FOR_CLATHRIN_MEDIATED_ENDOCYTOSIS,0.992665036674817,1,0.0552495663125249,0.190683012604265,0.582896266208215,61
330,REACTOME_CDC42_GTPASE_CYCLE,0.948051948051948,1,0.0385579101998489,-0.225172716653437,-0.634518050388889,76
331,REACTOME_CELLULAR_RESPONSE_TO_CHEMICAL_STRESS,1,1,0.0633597010643758,0.16756046785878,0.556641671601374,115
332,REACTOME_CELLULAR_RESPONSE_TO_HEAT_STRESS,0.991624790619765,1,0.0379271467108098,-0.187275467179295,-0.510981021914754,64
333,REACTOME_CELLULAR_RESPONSE_TO_STARVATION,0.846153846153846,1,0.0721797965581253,0.235668235882393,0.792990651647346,121
334,REACTOME_CELL_DEATH_SIGNALLING_VIA_NRAGE_NRIF_AND_NADE,0.986725663716814,1,0.0509082865515105,0.205738518594026,0.571862190831566,35
335,REACTOME_CELL_SURFACE_INTERACTIONS_AT_THE_VASCULAR_WALL,0.764805414551607,1,0.0502948063662358,-0.288656095726944,-0.778106377447734,59
336,REACTOME_CIRCADIAN_CLOCK,0.983833718244804,1,0.0530212512043078,0.19350082961978,0.57348872291675,50
337,REACTOME_CLATHRIN_MEDIATED_ENDOCYTOSIS,1,1,0.0347904098478036,-0.146861920921655,-0.419619477072997,92
338,REACTOME_CLEC7A_DECTIN_1_SIGNALING,0.850490196078431,1,0.0626618230932491,0.244711475848474,0.755245619369261,63
339,REACTOME_COLLAGEN_BIOSYNTHESIS_AND_MODIFYING_ENZYMES,0.720292504570384,1,0.0566484183613995,-0.314868242205274,-0.784705239357568,36
340,REACTOME_COLLAGEN_DEGRADATION,0.541436464088398,1,0.0707899094502623,-0.362428467616917,-0.904863899981534,37
341,REACTOME_COPII_MEDIATED_VESICLE_TRANSPORT,0.787383177570093,1,0.0640703750499722,0.270130802685692,0.788132539053533,48
342,REACTOME_COPI_DEPENDENT_GOLGI_TO_ER_RETROGRADE_TRAFFIC,0.930715935334873,1,0.0555947097758869,0.224103594807404,0.664187769322169,50
343,REACTOME_COPI_MEDIATED_ANTEROGRADE_TRANSPORT,0.997566909975669,1,0.0547939500773363,0.164407427510862,0.519698107629434,68
344,REACTOME_CYTOPROTECTION_BY_HMOX1,0.577235772357724,1,0.0878312634480124,0.280323392839678,0.913527051005881,92
345,REACTOME_C_TYPE_LECTIN_RECEPTORS_CLRS,0.937823834196891,1,0.060640400949416,0.213816581252199,0.685133453147533,80
346,REACTOME_DDX58_IFIH1_MEDIATED_INDUCTION_OF_INTERFERON_ALPHA_BETA,0.526077097505669,1,0.083129129135339,0.334218997225668,0.939442830187196,39
347,REACTOME_DEATH_RECEPTOR_SIGNALLING,0.975124378109453,1,0.0568864160475701,0.196776202224216,0.621789947603207,70
348,REACTOME_DEFECTIVE_CFTR_CAUSES_CYSTIC_FIBROSIS,0.603603603603604,1,0.0755015292281669,0.302145193568078,0.880464040626546,46
349,REACTOME_DEGRADATION_OF_BETA_CATENIN_BY_THE_DESTRUCTION_COMPLEX,0.571776155717762,1,0.0824344091527096,0.302919012360903,0.919069156677121,59
350,REACTOME_DEGRADATION_OF_GLI1_BY_THE_PROTEASOME,0.594104308390023,1,0.0766746872490091,0.308411989947655,0.892535474289139,45
351,REACTOME_DISEASES_OF_METABOLISM,0.592987804878049,1,0.0572461135202884,-0.306523230401698,-0.907912796556214,112
352,REACTOME_ER_TO_GOLGI_ANTEROGRADE_TRANSPORT,0.985915492957746,1,0.062249042949858,0.18936610751097,0.626713343084378,105
353,REACTOME_ESR_MEDIATED_SIGNALING,0.559880239520958,1,0.0952879846194844,0.280560767078534,0.939417693084312,120
354,REACTOME_EUKARYOTIC_TRANSLATION_ELONGATION,0.560526315789474,1,0.0878312634480124,0.282279907551488,0.906974205828387,84
355,REACTOME_EUKARYOTIC_TRANSLATION_INITIATION,0.670422535211268,1,0.0817515582532145,0.264623345903226,0.875779641610771,105
356,REACTOME_EXTRA_NUCLEAR_ESTROGEN_SIGNALING,0.702127659574468,1,0.0564118388217596,-0.310782516939706,-0.800218354300005,44
357,REACTOME_FACTORS_INVOLVED_IN_MEGAKARYOCYTE_DEVELOPMENT_AND_PLATELET_PRODUCTION,0.976149914821124,1,0.0394366509525593,-0.205571825566632,-0.560425248389247,66
358,REACTOME_FC_EPSILON_RECEPTOR_FCERI_SIGNALING,0.917098445595855,1,0.0617054053637522,0.217784203078501,0.697846921984788,80
359,REACTOME_GLUCOSE_METABOLISM,0.508196721311475,1,0.086794975677172,0.322735914652735,0.947654983851043,49
360,REACTOME_GLYCOLYSIS,0.687912087912088,1,0.0676760401641789,0.295134303982808,0.827804421377966,36
361,REACTOME_GOLGI_ASSOCIATED_VESICLE_BIOGENESIS,0.988738738738739,1,0.05163559644842,0.181834050997968,0.509931253094559,38
362,REACTOME_GOLGI_TO_ER_RETROGRADE_TRANSPORT,0.935400516795866,1,0.060640400949416,0.217829765534577,0.686853580932391,75
363,REACTOME_G_ALPHA_I_SIGNALLING_EVENTS,0.592948717948718,1,0.0596037042575973,-0.315202400299533,-0.892220458893634,81
364,REACTOME_HEDGEHOG_OFF_STATE,0.975124378109453,1,0.0568864160475701,0.198850334180805,0.628343963719138,70
365,REACTOME_HEDGEHOG_ON_STATE,0.996644295302013,1,0.037770500132479,-0.196893955623232,-0.523938776180279,54
366,REACTOME_HSP90_CHAPERONE_CYCLE_FOR_STEROID_HORMONE_RECEPTORS_SHR_IN_THE_PRESENCE_OF_LIGAND,0.714596949891068,1,0.0653834195468773,0.290887000977358,0.820266941810544,37
367,REACTOME_INTEGRATION_OF_ENERGY_METABOLISM,0.551845342706503,1,0.0675188953767744,-0.357572769336765,-0.928668215788283,50
368,REACTOME_INTERFERON_GAMMA_SIGNALING,0.529411764705882,1,0.0673623868166279,-0.353784999235976,-0.953376875372708,58
369,REACTOME_INTERFERON_SIGNALING,0.585798816568047,1,0.0919686140000427,0.274699386996592,0.924325015995201,121
370,REACTOME_INTERLEUKIN_17_SIGNALING,0.99537037037037,1,0.0525898950623616,0.174318495016848,0.494293998585728,42
371,REACTOME_INTERLEUKIN_1_FAMILY_SIGNALING,0.78961038961039,1,0.069119845655101,0.257212896829488,0.807964444800363,72
372,REACTOME_INTERLEUKIN_1_SIGNALING,0.603911980440098,1,0.0797705918628453,0.29489501139755,0.901460485228437,61
373,REACTOME_INTERLEUKIN_4_AND_INTERLEUKIN_13_SIGNALING,0.74453781512605,1,0.051218434854034,-0.291162876409251,-0.784623299277959,58
374,REACTOME_INTRA_GOLGI_AND_RETROGRADE_GOLGI_TO_ER_TRAFFIC,0.997076023391813,1,0.0635007968065945,0.180414148906107,0.599342044761261,115
375,REACTOME_IRE1ALPHA_ACTIVATES_CHAPERONES,0.936936936936937,1,0.0541200569620232,0.225217367667148,0.631594433951483,38
376,REACTOME_IRON_UPTAKE_AND_TRANSPORT,0.957642725598527,1,0.0438879842863647,-0.232536840442887,-0.580567508165336,37
377,REACTOME_L1CAM_INTERACTIONS,0.828282828282828,1,0.0464154956843849,-0.27057811109681,-0.73972748020602,65
378,REACTOME_LEISHMANIA_INFECTION,0.538341158059468,1,0.0630790410571939,-0.325241321222387,-0.938496316192618,96
379,REACTOME_METABOLISM_OF_CARBOHYDRATES,0.949329359165425,1,0.0344919215094074,-0.22526331916437,-0.678851332033732,143
380,REACTOME_METABOLISM_OF_WATER_SOLUBLE_VITAMINS_AND_COFACTORS,0.587064676616915,1,0.0822054920415869,0.301561308208395,0.903339235577294,57
381,REACTOME_MHC_CLASS_II_ANTIGEN_PRESENTATION,0.994832041343669,1,0.0577308549299813,0.198588551718673,0.62618282467231,75
382,REACTOME_MITOCHONDRIAL_BIOGENESIS,0.598522167487685,1,0.0806388495950661,0.300329496784853,0.893522676773758,54
383,REACTOME_MITOCHONDRIAL_TRANSLATION,0.653061224489796,1,0.0718276293603809,0.29547018079036,0.855082248893053,45
384,REACTOME_MYD88_INDEPENDENT_TLR4_CASCADE,0.996649916247906,1,0.0376923295943841,-0.179024632884361,-0.478874002704391,55
385,REACTOME_NCAM_SIGNALING_FOR_NEURITE_OUT_GROWTH,0.639380530973451,1,0.0716527366829457,0.308645475752301,0.85789806964755,35
386,REACTOME_NEDDYLATION,0.896341463414634,1,0.0382416816260774,-0.241760244500325,-0.71374045595908,107
387,REACTOME_NONSENSE_MEDIATED_DECAY_NMD,0.600550964187328,1,0.0865399737444125,0.276051177835718,0.902461698910848,96
388,REACTOME_NOTCH1_INTRACELLULAR_DOMAIN_REGULATES_TRANSCRIPTION,0.994545454545455,1,0.0415717899246479,-0.180293240518987,-0.448332528809477,35
389,REACTOME_ONCOGENIC_MAPK_SIGNALING,0.995381062355658,1,0.0524827622635459,0.170900304246822,0.506506341193358,50
390,REACTOME_P75_NTR_RECEPTOR_MEDIATED_SIGNALLING,0.822429906542056,1,0.0619762736001998,0.263722842239797,0.769436699533691,48
391,REACTOME_PCP_CE_PATHWAY,0.85609756097561,1,0.0621124188949471,0.239445516692715,0.749879741974392,67
392,REACTOME_PHOSPHOLIPID_METABOLISM,0.655737704918033,1,0.0813027345384498,0.270912622543061,0.882531112098397,93
393,REACTOME_PI_METABOLISM,0.790849673202614,1,0.0605092988656667,0.271087363214987,0.764434304869986,37
394,REACTOME_POTENTIAL_THERAPEUTICS_FOR_SARS,0.998305084745763,1,0.0381628909049257,-0.162547065027155,-0.438904026296267,60
395,REACTOME_PROTEIN_FOLDING,1,1,0.03975964750879,-0.187338613840645,-0.486545484395626,50
396,REACTOME_PROTEIN_LOCALIZATION,0.640326975476839,1,0.0824344091527096,0.271251818766886,0.885089487102616,94
397,REACTOME_PTEN_REGULATION,0.887052341597796,1,0.0662842187012672,0.229794766966919,0.757539055160404,101
398,REACTOME_RAB_GEFS_EXCHANGE_GTP_FOR_GDP_ON_RABS,0.658256880733945,1,0.072003313661988,0.29761611777809,0.851723989696758,43
399,REACTOME_RAB_REGULATION_OF_TRAFFICKING,0.885085574572127,1,0.060640400949416,0.235310049186825,0.719316037642693,61
400,REACTOME_RAC1_GTPASE_CYCLE,0.941915227629513,1,0.0373029764832679,-0.229405961674448,-0.658502289295992,91
401,REACTOME_RAC2_GTPASE_CYCLE,0.94,1,0.0401660980049421,-0.230552614834469,-0.621326449162995,57
402,REACTOME_RAC3_GTPASE_CYCLE,0.986440677966102,1,0.0387166740042594,-0.196513386989937,-0.530618727299633,60
403,REACTOME_REGULATION_OF_EXPRESSION_OF_SLITS_AND_ROBOS,0.635838150289017,1,0.0860347242455604,0.259235666581287,0.896560151057229,134
404,REACTOME_REGULATION_OF_HSF1_MEDIATED_HEAT_SHOCK_RESPONSE,0.871495327102804,1,0.059221919380382,0.250037108389392,0.729507257718494,48
405,REACTOME_REGULATION_OF_PLK1_ACTIVITY_AT_G2_M_TRANSITION,0.755707762557078,1,0.0649407684612899,0.276193117898668,0.792939947536909,44
406,REACTOME_REGULATION_OF_PTEN_GENE_TRANSCRIPTION,0.995433789954338,1,0.0519512476197082,0.176394128880346,0.506420841925239,44
407,REACTOME_REGULATION_OF_PTEN_STABILITY_AND_ACTIVITY,0.629976580796253,1,0.0753093764172773,0.297811926177458,0.87447025037799,49
408,REACTOME_RESPIRATORY_ELECTRON_TRANSPORT_ATP_SYNTHESIS_BY_CHEMIOSMOTIC_COUPLING_AND_HEAT_PRODUCTION_BY_UNCOUPLING_PROTEINS,0.539473684210526,1,0.0899860794997137,0.288823776909064,0.925787120757071,82
409,REACTOME_RESPONSE_OF_EIF2AK4_GCN2_TO_AMINO_ACID_DEFICIENCY,0.888268156424581,1,0.0668966276500666,0.232878011002945,0.751673400630633,90
410,REACTOME_RHOA_GTPASE_CYCLE,0.644694533762058,1,0.055826471778749,-0.304454891824037,-0.864087452633513,84
411,REACTOME_RHOC_GTPASE_CYCLE,0.952542372881356,1,0.0403295396423143,-0.227674037113117,-0.60136590543169,53
412,REACTOME_RHOG_GTPASE_CYCLE,0.82512315270936,1,0.0643583367917361,0.258071985743055,0.767800612227721,54
413,REACTOME_RHOJ_GTPASE_CYCLE,0.99645390070922,1,0.0403295396423143,-0.193367409697939,-0.496000826999422,41
414,REACTOME_RHO_GTPASES_ACTIVATE_PKNS,0.747706422018349,1,0.0656813601934011,0.282183563089987,0.807558784034189,43
415,REACTOME_SARS_COV_INFECTIONS,0.964912280701754,1,0.0650877566917313,0.209539909203625,0.690952358677128,109
416,REACTOME_SELECTIVE_AUTOPHAGY,0.829931972789116,1,0.0601186142531851,0.261767417066662,0.757547415016811,45
417,REACTOME_SELENOAMINO_ACID_METABOLISM,0.954177897574124,1,0.0617054053637522,0.213843570441898,0.705386890891584,98
418,REACTOME_SEMAPHORIN_INTERACTIONS,0.553003533568905,1,0.0676760401641789,-0.345672262999844,-0.891630967957552,43
419,REACTOME_SIGNALING_BY_ALK_IN_CANCER,0.814487632508834,1,0.0493910105981501,-0.279408270983971,-0.720708873054408,43
420,REACTOME_SIGNALING_BY_BRAF_AND_RAF1_FUSIONS,0.997685185185185,1,0.0524827622635459,0.163207227897484,0.46278711428608,42
421,REACTOME_SIGNALING_BY_FGFR,0.825423728813559,1,0.0468819856878333,-0.273062983506069,-0.721253817071904,53
422,REACTOME_SIGNALING_BY_HEDGEHOG,0.969101123595506,1,0.0629394692018967,0.210400059324039,0.676696432333233,89
423,REACTOME_SIGNALING_BY_INSULIN_RECEPTOR,0.869875222816399,1,0.046788296531803,-0.263463440502122,-0.677105094106371,40
424,REACTOME_SIGNALING_BY_MET,0.555,1,0.0646484568421928,-0.342383627205433,-0.922704795587918,57
425,REACTOME_SIGNALING_BY_NOTCH,0.732758620689655,1,0.0780892306943345,0.247490211397382,0.856127833888052,133
426,REACTOME_SIGNALING_BY_NOTCH1,0.985663082437276,1,0.0413209506074822,-0.197456466468914,-0.508059497176954,46
427,REACTOME_SIGNALING_BY_NOTCH1_PEST_DOMAIN_MUTANTS_IN_CANCER,0.949450549450549,1,0.0523759084097997,0.224822526142213,0.630591153432061,36
428,REACTOME_SIGNALING_BY_NOTCH4,0.783980582524272,1,0.066132620475844,0.255634866000515,0.779478371204437,60
429,REACTOME_SIGNALING_BY_NTRKS,0.522508038585209,1,0.0658311958368866,-0.336262326032369,-0.951485206191596,82
430,REACTOME_SIGNALING_BY_PDGF,0.923351158645276,1,0.0440640346597561,-0.242441966543379,-0.623079582726265,40
431,REACTOME_SIGNALING_BY_PTK6,0.985663082437276,1,0.0413209506074822,-0.202085384289692,-0.512694724057165,38
432,REACTOME_SIGNALING_BY_TGFB_FAMILY_MEMBERS,1,1,0.0553642837725362,0.158145798141117,0.48945292733578,64
433,REACTOME_SIGNALING_BY_TGF_BETA_RECEPTOR_COMPLEX,0.985748218527316,1,0.0542315935495841,0.18630427563879,0.553355558413589,52
434,REACTOME_SIGNALING_BY_THE_B_CELL_RECEPTOR_BCR,0.94390243902439,1,0.0574877409561325,0.213414887047055,0.668358725787779,67
435,REACTOME_SIGNALING_BY_VEGF,0.967585089141005,1,0.037536290520292,-0.212449808480317,-0.594950791358892,72
436,REACTOME_SPHINGOLIPID_METABOLISM,0.976689976689977,1,0.05378728077603,0.196143982811518,0.582172069513957,51
437,REACTOME_SRP_DEPENDENT_COTRANSLATIONAL_PROTEIN_TARGETING_TO_MEMBRANE,0.856749311294766,1,0.0679922591544058,0.237122244516641,0.784892531329378,102
438,REACTOME_TNFR2_NON_CANONICAL_NF_KB_PATHWAY,0.967365967365967,1,0.0542315935495841,0.206107394732228,0.611744325844011,51
439,REACTOME_TOLL_LIKE_RECEPTOR_9_TLR9_CASCADE,1,1,0.0380842053196415,-0.133421499596003,-0.352412343216545,53
440,REACTOME_TOLL_LIKE_RECEPTOR_CASCADES,1,1,0.0566484183613995,0.134525759755812,0.423414513309152,71
441,REACTOME_TOLL_LIKE_RECEPTOR_TLR1_TLR2_CASCADE,1,1,0.0535669384770951,0.148630628565295,0.441458384060763,52
442,REACTOME_TRANSCRIPTIONAL_REGULATION_BY_MECP2,0.816371681415929,1,0.0597317976364411,0.270119600938685,0.750813157569951,35
443,REACTOME_TRANSCRIPTIONAL_REGULATION_BY_RUNX1,0.924418604651163,1,0.0668966276500666,0.21744216774816,0.739905369544617,125
444,REACTOME_TRANSCRIPTIONAL_REGULATION_BY_RUNX2,0.744125326370757,1,0.0723570851036907,0.262663619194214,0.824681532363795,73
445,REACTOME_TRANSCRIPTIONAL_REGULATION_BY_RUNX3,1,1,0.0577308549299813,0.173599458304006,0.545315540842506,72
446,REACTOME_TRANSCRIPTIONAL_REGULATION_OF_WHITE_ADIPOCYTE_DIFFERENTIATION,0.546485260770975,1,0.0810802057550866,0.31726241403904,0.918148348371646,45
447,REACTOME_TRANSLOCATION_OF_SLC2A4_GLUT4_TO_THE_PLASMA_MEMBRANE,0.869266055045872,1,0.0584693210386381,0.251353467570554,0.719328576091881,43
448,REACTOME_TRANSPORT_TO_THE_GOLGI_AND_SUBSEQUENT_MODIFICATION,0.953079178885631,1,0.0658311958368866,0.209791919623832,0.709040770782788,122
449,REACTOME_TRANS_GOLGI_NETWORK_VESICLE_BUDDING,1,1,0.0406579344155557,-0.134978915426605,-0.347303489865335,46
450,REACTOME_UNFOLDED_PROTEIN_RESPONSE_UPR,0.996615905245347,1,0.0381628909049257,-0.171943312530762,-0.463493375058444,59
451,SIG_INSULIN_RECEPTOR_PATHWAY_IN_CARDIAC_MYOCYTES,0.882352941176471,1,0.0553642837725362,0.24941975482265,0.703334211663298,37
452,WNT_SIGNALING,0.785714285714286,1,0.0667426134241917,0.263876969451728,0.785071258759378,54
453,WP_16P112_PROXIMAL_DELETION_SYNDROME,0.861111111111111,1,0.0593487680335629,0.255332125700994,0.724014611117081,42
454,WP_22Q112_COPY_NUMBER_VARIATION_SYNDROME,0.756666666666667,1,0.0500922874402106,-0.28702490865873,-0.773516134034319,57
455,WP_7Q1123_COPY_NUMBER_VARIATION_SYNDROME,0.985185185185185,1,0.0560595875032335,0.192575092371416,0.596009782119161,64
456,WP_ACUTE_VIRAL_MYOCARDITIS,0.945578231292517,1,0.0540088272801684,0.222241619076803,0.623711098764669,40
457,WP_AGERAGE_PATHWAY,0.941489361702128,1,0.0429311093452583,-0.239296391762109,-0.616152307058361,44
458,WP_ALLOGRAFT_REJECTION,0.874429223744292,1,0.0579754757571486,0.253296997698046,0.713766342717407,41
459,WP_ALZHEIMERS_DISEASE,0.742424242424242,1,0.0802023444698144,0.249109753646493,0.869075700232839,144
460,WP_ANDROGEN_RECEPTOR_SIGNALING_PATHWAY,0.848333333333333,1,0.0448645113168564,-0.259294353267502,-0.716762114530224,70
461,WP_APOPTOSIS,0.915285451197053,1,0.0459538081039063,-0.256787503142603,-0.641113384629972,37
462,WP_APOPTOSISRELATED_NETWORK_DUE_TO_ALTERED_NOTCH3_IN_OVARIAN_CANCER,0.605504587155963,1,0.0762797180809272,0.3091637109801,0.884771131857065,43
463,WP_APOPTOSIS_MODULATION_AND_SIGNALING,0.621621621621622,1,0.0739901439101341,0.312160396823013,0.875415476060823,38
464,WP_BRAINDERIVED_NEUROTROPHIC_FACTOR_BDNF_SIGNALING_PATHWAY,0.888888888888889,1,0.0642140881844605,0.228037975073015,0.730642151812991,81
465,WP_BREAST_CANCER_PATHWAY,0.630490956072351,1,0.080419996876154,0.283248731870825,0.893130492532037,75
466,WP_B_CELL_RECEPTOR_SIGNALING_PATHWAY,0.541871921182266,1,0.0860347242455604,0.313313142402146,0.932150856524467,54
467,WP_CHEMOKINE_SIGNALING_PATHWAY,0.744845360824742,1,0.0716527366829457,0.262258002496256,0.825308525250974,74
468,WP_CHROMOSOMAL_AND_MICROSATELLITE_INSTABILITY_IN_COLORECTAL_CANCER,0.836734693877551,1,0.0597317976364411,0.255555959211696,0.739571633713527,45
469,WP_CILIARY_LANDSCAPE,0.983471074380165,1,0.0613026075396207,0.190404361382346,0.627685050986243,101
470,WP_CIRCADIAN_RHYTHM_GENES,0.882260596546311,1,0.0403295396423143,-0.248716164112882,-0.720806741544998,100
471,WP_CORTICOTROPINRELEASING_HORMONE_SIGNALING_PATHWAY,0.994915254237288,1,0.0383205781976994,-0.182669223175043,-0.482492620511601,53
472,WP_CYTOPLASMIC_RIBOSOMAL_PROTEINS,0.878238341968912,1,0.0637845390312975,0.233909640868032,0.749517736341441,80
473,WP_DNA_DAMAGE_RESPONSE_ONLY_ATM_DEPENDENT,0.92156862745098,1,0.0588438169595807,0.22749589683637,0.705378199283443,65
474,WP_EGFR_TYROSINE_KINASE_INHIBITOR_RESISTANCE,0.939698492462312,1,0.0404114482034376,-0.233594297535475,-0.624842707215546,55
475,WP_ELECTRON_TRANSPORT_CHAIN_OXPHOS_SYSTEM_IN_MITOCHONDRIA,1,1,0.057609110864425,0.139959056859432,0.448471448583639,80
476,WP_EMBRYONIC_STEM_CELL_PLURIPOTENCY_PATHWAYS,0.904040404040404,1,0.0424170054438747,-0.248621450815446,-0.674238217276169,63
477,WP_ENDOCHONDRAL_OSSIFICATION_WITH_SKELETAL_DYSPLASIAS,0.538288288288288,1,0.0815265143256594,0.326707050374361,0.916209778519904,38
478,WP_ENDODERM_DIFFERENTIATION,0.844856661045531,1,0.0455878202571231,-0.268091692051881,-0.726825761922899,62
479,WP_ENDOMETRIAL_CANCER,0.897260273972603,1,0.0567672387487446,0.241907270161495,0.681671196536469,41
480,WP_ERBB_SIGNALING_PATHWAY,0.608374384236453,1,0.0797705918628453,0.298968844925364,0.889474545289293,54
481,WP_FRAGILE_X_SYNDROME,0.882352941176471,1,0.0609039347452418,0.235438962972512,0.745158911556943,69
482,WP_GASTRIN_SIGNALING_PATHWAY,0.790996784565916,1,0.0464154956843849,-0.272455685374376,-0.773269030824866,84
483,WP_GLIOBLASTOMA_SIGNALING_PATHWAYS,0.914429530201342,1,0.0417397034728504,-0.246679685160302,-0.656419603853877,54
484,WP_G_PROTEIN_SIGNALING_PATHWAYS,0.627450980392157,1,0.0619762736001998,-0.326769852921712,-0.840778916035644,45
485,WP_HEAD_AND_NECK_SQUAMOUS_CELL_CARCINOMA,0.973154362416107,1,0.038875878582578,-0.218915545724873,-0.582538670376503,54
486,WP_HEPATITIS_B_INFECTION,0.901639344262295,1,0.0650877566917313,0.226927455249368,0.73121393278557,87
487,WP_INSULIN_SIGNALING,0.995245641838352,1,0.0351652290409302,-0.178227366195277,-0.513640722907363,98
488,WP_KIT_RECEPTOR_SIGNALING_PATHWAY,0.925454545454545,1,0.0448645113168564,-0.245342168296002,-0.610088733327544,35
489,WP_LEPTIN_SIGNALING_PATHWAY,0.980997624703088,1,0.0544555953940371,0.194328483082881,0.57718882673675,52
490,WP_MAPK_SIGNALING_PATHWAY,0.698776758409786,1,0.0497903187820785,-0.287585444523438,-0.854170909543459,129
491,WP_MEASLES_VIRUS_INFECTION,0.630170316301703,1,0.077274697304471,0.291246478161827,0.883654191868482,59
492,WP_MECP2_AND_ASSOCIATED_RETT_SYNDROME,0.50462962962963,1,0.0865399737444125,0.338650911658169,0.960271675315001,42
493,WP_MELANOMA,0.845744680851064,1,0.0478299633114229,-0.274791193861991,-0.707546097166838,44
494,WP_MESODERMAL_COMMITMENT_PATHWAY,0.7996632996633,1,0.0480220415968251,-0.280479417088718,-0.760634054464328,63
495,WP_MET_IN_TYPE_1_PAPILLARY_RENAL_CELL_CARCINOMA,0.986111111111111,1,0.0530212512043078,0.192141741331523,0.544833235330559,42
496,WP_MICRORNAS_IN_CARDIOMYOCYTE_HYPERTROPHY,0.836555360281195,1,0.047925896705813,-0.275976547798075,-0.713961445039054,47
497,WP_NETWORK_MAP_OF_SARSCOV2_SIGNALING_PATHWAY,0.613312202852615,1,0.0574877409561325,-0.310185108628512,-0.893935128101947,98
498,WP_NEURAL_CREST_DIFFERENTIATION,0.493761140819964,1,0.0738052724171275,-0.371351857123466,-0.946418792943517,39
499,WP_NEUROINFLAMMATION_AND_GLUTAMATERGIC_SIGNALING,0.812048192771084,1,0.0640703750499722,0.2475562132542,0.773521497110418,66
500,WP_NONALCOHOLIC_FATTY_LIVER_DISEASE,1,1,0.0605092988656667,0.176682187929432,0.577606329145864,96
501,WP_NONGENOMIC_ACTIONS_OF_125_DIHYDROXYVITAMIN_D3,0.663736263736264,1,0.0694481442003175,0.301894198287695,0.846764841492189,36
502,WP_NONSMALL_CELL_LUNG_CANCER,0.886621315192744,1,0.0570059526582387,0.244089038185442,0.686100128221529,39
503,WP_NOTCH_SIGNALING_PATHWAY,0.941176470588235,1,0.0523759084097997,0.220301916264245,0.621225350469134,37
504,WP_NRF2_PATHWAY,0.551433389544688,1,0.0655321029282414,-0.345559868364412,-0.93378374208756,61
505,WP_OREXIN_RECEPTOR_PATHWAY,0.688816855753647,1,0.0531298054705469,-0.295608410265541,-0.827830624456041,72
506,WP_OVERLAP_BETWEEN_SIGNAL_TRANSDUCTION_PATHWAYS_CONTRIBUTING_TO_LMNA_LAMINOPATHIES,0.501089324618736,1,0.0835990603684159,0.334606273518493,0.943550120037851,37
507,WP_OXIDATIVE_PHOSPHORYLATION,0.977477477477477,1,0.0521630305460055,0.209306069876026,0.609926856139731,46
508,WP_PANCREATIC_ADENOCARCINOMA_PATHWAY,0.86318407960199,1,0.0626618230932491,0.24349942699958,0.729412495111288,57
509,WP_PARKINUBIQUITIN_PROTEASOMAL_SYSTEM_PATHWAY,0.689497716894977,1,0.0694481442003175,0.298016896183935,0.839782674055918,41
510,WP_PATHOGENIC_ESCHERICHIA_COLI_INFECTION,0.854945054945055,1,0.0572461135202884,0.257139930528212,0.721236293211367,36
511,WP_PATHWAYS_AFFECTED_IN_ADENOID_CYSTIC_CARCINOMA,0.99546485260771,1,0.05163559644842,0.180885938760811,0.507648243763898,40
512,WP_PRIMARY_FOCAL_SEGMENTAL_GLOMERULOSCLEROSIS_FSGS,0.56414762741652,1,0.066436413766281,-0.352970489977655,-0.913147595660833,47
513,WP_PROLACTIN_SIGNALING_PATHWAY,0.832512315270936,1,0.0639271933359996,0.255498273896237,0.760143455926951,54
514,WP_RAS_SIGNALING,0.508038585209003,1,0.0672065093710464,-0.340129103550546,-0.965336076200656,84
515,WP_REGULATORY_CIRCUITS_OF_THE_STAT3_SIGNALING_PATHWAY,0.675925925925926,1,0.0711327399327894,0.297721445022503,0.844212907590043,42
516,WP_SUDDEN_INFANT_DEATH_SYNDROME_SIDS_SUSCEPTIBILITY_PATHWAYS,0.891666666666667,1,0.0425877779273254,-0.241451993218138,-0.66744084101989,70
517,WP_TCELL_ACTIVATION_SARSCOV2,0.9375,1,0.0553642837725362,0.22610919971792,0.641150673282188,42
518,WP_TCELL_RECEPTOR_TCR_SIGNALING_PATHWAY,0.916666666666667,1,0.0551351763385257,0.234309540019167,0.657092314108533,38
519,WP_TGFBETA_RECEPTOR_SIGNALING,0.654545454545455,1,0.0609039347452418,-0.329743340382021,-0.819967876920972,35
520,WP_TGFBETA_RECEPTOR_SIGNALING_IN_SKELETAL_DYSPLASIAS,0.707182320441989,1,0.0578529757032509,-0.317177305843899,-0.791886729645379,37
521,WP_TGFBETA_SIGNALING_PATHWAY,0.629513343799058,1,0.055826471778749,-0.307279740176096,-0.882913221408901,95
522,WP_THERMOGENESIS,0.923728813559322,1,0.0417397034728504,-0.235849882555199,-0.63683378741834,60
523,WP_TNFALPHA_SIGNALING_PATHWAY,0.977312390924956,1,0.0404934829859503,-0.214232440785898,-0.559167662612385,51
524,WP_WNT_SIGNALING,0.541871921182266,1,0.0860347242455604,0.312568235007579,0.929934651801762,54
525,WP_WNT_SIGNALING_PATHWAY_AND_PLURIPOTENCY,0.498834498834499,1,0.0875697115548511,0.322084698969604,0.955974856175415,51
